Product Type,Net Quantity,Gross Sales,Discounts,Returns,Total Net Sales,year
Accessories,25,472.0,-14.0,0.0,458.0,2019
Accessories,3,204.0,-6.8,0.0,197.2,2017
Accessories,2,196.0,0.0,0.0,196.0,2018
Accessories,2,196.0,0.0,0.0,196.0,2021
Accessories,2,196.0,0.0,0.0,196.0,2021
Accessories,2,196.0,-9.79,0.0,186.21,2019
Accessories,2,196.0,-9.81,0.0,186.19,2017
Accessories,3,174.0,-5.81,0.0,168.19,2021
Accessories,3,134.4,0.0,0.0,134.4,2018
Accessories,2,116.0,0.0,0.0,116.0,2019
Accessories,5,116.0,-4.41,0.0,111.59,2020
Accessories,1,114.0,-11.4,0.0,102.6,2019
Accessories,1,114.0,-11.4,0.0,102.6,2021
Accessories,1,98.0,0.0,0.0,98.0,2019
Accessories,1,98.0,0.0,0.0,98.0,2021
Accessories,2,96.0,0.0,0.0,96.0,2021
Accessories,1,98.0,-9.8,0.0,88.2,2021
Accessories,1,88.0,0.0,0.0,88.0,2017
Accessories,3,90.0,-9.0,0.0,81.0,2018
Accessories,1,68.0,0.0,0.0,68.0,2021
Accessories,1,58.0,0.0,0.0,58.0,2020
Accessories,1,58.0,0.0,0.0,58.0,2019
Accessories,1,58.0,0.0,0.0,58.0,2018
Accessories,1,58.0,0.0,0.0,58.0,2021
Accessories,2,56.0,0.0,0.0,56.0,2020
Accessories,1,48.0,0.0,0.0,48.0,2021
Accessories,1,48.0,0.0,0.0,48.0,2021
Accessories,1,48.0,0.0,0.0,48.0,2019
Accessories,1,58.0,-11.6,0.0,46.4,2019
Accessories,1,44.0,0.0,0.0,44.0,2021
Accessories,1,44.0,0.0,0.0,44.0,2017
Accessories,2,44.0,0.0,0.0,44.0,2019
Accessories,1,42.0,0.0,0.0,42.0,2019
Accessories,1,34.0,0.0,0.0,34.0,2017
Accessories,1,32.0,-3.2,0.0,28.8,2020
Accessories,1,28.0,0.0,0.0,28.0,2021
Accessories,1,28.0,0.0,0.0,28.0,2021
Accessories,1,24.0,0.0,0.0,24.0,2018
Accessories,1,22.0,0.0,0.0,22.0,2021
Art & Sculpture,34,14935.0,-594.0,-1609.0,12732.0,2020
Art & Sculpture,47,2696.8,-44.16,0.0,2652.64,2020
Art & Sculpture,10,2250.0,-180.0,0.0,2070.0,2017
Art & Sculpture,2,1625.0,-5.0,0.0,1620.0,2020
Art & Sculpture,9,1466.0,-75.89,0.0,1390.11,2018
Art & Sculpture,11,1375.0,-12.5,0.0,1362.5,2020
Art & Sculpture,58,1392.0,-36.0,0.0,1356.0,2020
Art & Sculpture,3,1660.0,0.0,-365.0,1295.0,2021
Art & Sculpture,30,1260.0,-46.2,0.0,1213.8,2017
Art & Sculpture,7,1155.0,-47.51,0.0,1107.49,2019
Art & Sculpture,15,1110.0,-46.79,0.0,1063.21,2018
Art & Sculpture,18,1352.0,-31.99,-258.0,1062.01,2018
Art & Sculpture,15,1110.0,-81.38,0.0,1028.62,2019
Art & Sculpture,59,1062.0,-33.6,0.0,1028.4,2018
Art & Sculpture,25,950.0,-17.6,0.0,932.4,2017
Art & Sculpture,2,1150.0,-230.0,0.0,920.0,2021
Art & Sculpture,4,960.0,-72.0,0.0,888.0,2019
Art & Sculpture,10,975.0,-17.59,-79.21,878.2,2019
Art & Sculpture,4,900.0,-45.0,0.0,855.0,2021
Art & Sculpture,11,858.0,-23.6,0.0,834.4,2017
Art & Sculpture,19,798.0,-16.79,0.0,781.21,2018
Art & Sculpture,9,700.0,-57.0,0.0,643.0,2019
Art & Sculpture,2,645.0,-4.15,0.0,640.85,2020
Art & Sculpture,18,648.0,-21.6,0.0,626.4,2019
Art & Sculpture,5,638.0,-12.4,0.0,625.6,2019
Art & Sculpture,5,625.0,0.0,0.0,625.0,2017
Art & Sculpture,5,636.0,-12.4,0.0,623.6,2020
Art & Sculpture,4,600.0,-15.0,0.0,585.0,2018
Art & Sculpture,4,565.0,0.0,0.0,565.0,2021
Art & Sculpture,6,588.0,-48.99,0.0,539.01,2017
Art & Sculpture,6,522.0,0.0,0.0,522.0,2019
Art & Sculpture,13,526.0,-12.6,0.0,513.4,2020
Art & Sculpture,18,516.0,-6.0,0.0,510.0,2020
Art & Sculpture,14,518.0,-14.6,0.0,503.4,2021
Art & Sculpture,9,486.0,-5.4,0.0,480.6,2018
Art & Sculpture,22,506.0,-10.99,-19.8,475.21,2021
Art & Sculpture,9,593.0,-9.0,-110.0,474.0,2019
Art & Sculpture,22,484.0,-11.29,0.0,472.71,2018
Art & Sculpture,5,460.0,0.0,0.0,460.0,2021
Art & Sculpture,7,476.0,-20.4,0.0,455.6,2021
Art & Sculpture,2,450.0,0.0,0.0,450.0,2017
Art & Sculpture,2,450.0,0.0,0.0,450.0,2021
Art & Sculpture,18,450.0,-5.0,0.0,445.0,2020
Art & Sculpture,4,458.0,-15.6,0.0,442.4,2017
Art & Sculpture,6,536.0,-6.8,-88.0,441.2,2018
Art & Sculpture,25,450.0,-14.39,0.0,435.61,2020
Art & Sculpture,10,420.0,-4.5,0.0,415.5,2021
Art & Sculpture,14,435.0,-20.1,0.0,414.9,2019
Art & Sculpture,12,432.0,-25.2,0.0,406.8,2021
Art & Sculpture,3,432.0,-43.2,0.0,388.8,2019
Art & Sculpture,1,385.0,0.0,0.0,385.0,2017
Art & Sculpture,1,385.0,0.0,0.0,385.0,2018
Art & Sculpture,6,379.0,0.0,0.0,379.0,2020
Art & Sculpture,16,408.0,-13.6,-21.6,372.8,2020
Art & Sculpture,3,384.0,-12.8,0.0,371.2,2021
Art & Sculpture,4,380.0,-9.5,0.0,370.5,2017
Art & Sculpture,2,396.0,-39.6,0.0,356.4,2020
Art & Sculpture,4,360.0,-4.19,0.0,355.81,2020
Art & Sculpture,4,360.0,-5.8,0.0,354.2,2020
Art & Sculpture,1,350.0,0.0,0.0,350.0,2021
Art & Sculpture,11,352.0,-3.19,0.0,348.81,2019
Art & Sculpture,6,348.0,-11.6,0.0,336.4,2019
Art & Sculpture,2,336.0,0.0,0.0,336.0,2021
Art & Sculpture,14,350.0,-17.2,0.0,332.8,2019
Art & Sculpture,2,350.0,-17.5,0.0,332.5,2021
Art & Sculpture,3,440.0,0.0,-110.0,330.0,2019
Art & Sculpture,8,336.0,-12.6,0.0,323.4,2018
Art & Sculpture,7,315.0,0.0,0.0,315.0,2019
Art & Sculpture,3,330.0,-22.0,0.0,308.0,2021
Art & Sculpture,2,324.0,-16.2,0.0,307.8,2019
Art & Sculpture,5,312.0,-5.0,0.0,307.0,2021
Art & Sculpture,7,315.0,-9.5,0.0,305.5,2020
Art & Sculpture,2,300.0,0.0,0.0,300.0,2021
Art & Sculpture,2,296.0,0.0,0.0,296.0,2017
Art & Sculpture,5,290.0,0.0,0.0,290.0,2019
Art & Sculpture,6,288.0,0.0,0.0,288.0,2019
Art & Sculpture,3,302.0,-23.4,0.0,278.6,2017
Art & Sculpture,6,288.0,-9.61,0.0,278.39,2017
Art & Sculpture,8,288.0,-14.4,0.0,273.6,2020
Art & Sculpture,4,272.0,0.0,0.0,272.0,2020
Art & Sculpture,6,276.0,-4.8,0.0,271.2,2021
Art & Sculpture,15,278.0,-8.71,0.0,269.29,2019
Art & Sculpture,7,272.0,-3.52,0.0,268.48,2017
Art & Sculpture,2,244.0,0.0,0.0,244.0,2020
Art & Sculpture,5,240.0,0.0,0.0,240.0,2019
Art & Sculpture,1,240.0,0.0,0.0,240.0,2021
Art & Sculpture,1,225.0,0.0,0.0,225.0,2017
Art & Sculpture,1,225.0,0.0,0.0,225.0,2021
Art & Sculpture,3,222.0,0.0,0.0,222.0,2018
Art & Sculpture,1,210.0,0.0,0.0,210.0,2020
Art & Sculpture,8,224.0,-14.0,0.0,210.0,2020
Art & Sculpture,12,216.0,-8.4,0.0,207.6,2019
Art & Sculpture,4,312.0,-5.2,-104.0,202.8,2019
Art & Sculpture,6,216.0,-14.4,0.0,201.6,2020
Art & Sculpture,9,198.0,0.0,0.0,198.0,2017
Art & Sculpture,7,196.0,0.0,0.0,196.0,2018
Art & Sculpture,3,195.0,0.0,0.0,195.0,2020
Art & Sculpture,3,192.0,0.0,0.0,192.0,2019
Art & Sculpture,12,192.0,-6.42,0.0,185.58,2018
Art & Sculpture,1,185.0,0.0,0.0,185.0,2019
Art & Sculpture,1,185.0,0.0,0.0,185.0,2021
Art & Sculpture,3,204.0,-20.4,0.0,183.6,2018
Art & Sculpture,1,198.0,-19.8,0.0,178.2,2017
Art & Sculpture,5,180.0,-3.6,0.0,176.4,2020
Art & Sculpture,10,180.0,-3.62,0.0,176.38,2019
Art & Sculpture,4,176.0,0.0,0.0,176.0,2020
Art & Sculpture,4,180.0,-4.5,0.0,175.5,2019
Art & Sculpture,1,195.0,-19.5,0.0,175.5,2017
Art & Sculpture,5,180.0,-7.2,0.0,172.8,2021
Art & Sculpture,3,184.0,-11.6,0.0,172.4,2019
Art & Sculpture,4,172.0,0.0,0.0,172.0,2020
Art & Sculpture,8,176.0,-4.4,0.0,171.6,2020
Art & Sculpture,4,168.0,0.0,0.0,168.0,2020
Art & Sculpture,4,182.0,-14.4,0.0,167.6,2019
Art & Sculpture,4,166.0,0.0,0.0,166.0,2021
Art & Sculpture,1,165.0,0.0,0.0,165.0,2021
Art & Sculpture,2,163.0,0.0,0.0,163.0,2020
Art & Sculpture,6,162.0,0.0,0.0,162.0,2021
Art & Sculpture,3,162.0,0.0,0.0,162.0,2017
Art & Sculpture,4,157.0,0.0,0.0,157.0,2021
Art & Sculpture,9,162.0,-7.21,0.0,154.79,2018
Art & Sculpture,5,160.0,-6.4,0.0,153.6,2019
Art & Sculpture,10,153.2,0.0,0.0,153.2,2020
Art & Sculpture,4,152.0,0.0,0.0,152.0,2018
Art & Sculpture,4,152.0,0.0,0.0,152.0,2020
Art & Sculpture,7,154.0,-2.2,0.0,151.8,2017
Art & Sculpture,4,151.4,0.0,0.0,151.4,2021
Art & Sculpture,2,168.0,-16.8,0.0,151.2,2018
Art & Sculpture,4,158.8,-8.38,0.0,150.42,2017
Art & Sculpture,1,150.0,0.0,0.0,150.0,2020
Art & Sculpture,4,150.0,0.0,0.0,150.0,2021
Art & Sculpture,1,185.0,-37.0,0.0,148.0,2017
Art & Sculpture,1,145.0,0.0,0.0,145.0,2019
Art & Sculpture,2,144.0,0.0,0.0,144.0,2017
Art & Sculpture,3,144.0,0.0,0.0,144.0,2021
Art & Sculpture,2,144.0,0.0,0.0,144.0,2020
Art & Sculpture,3,144.0,-4.8,0.0,139.2,2020
Art & Sculpture,3,144.0,-4.8,0.0,139.2,2021
Art & Sculpture,2,152.0,-15.2,0.0,136.8,2020
Art & Sculpture,2,136.0,0.0,0.0,136.0,2019
Art & Sculpture,2,136.0,0.0,0.0,136.0,2018
Art & Sculpture,2,136.0,0.0,0.0,136.0,2020
Art & Sculpture,2,136.0,0.0,0.0,136.0,2021
Art & Sculpture,2,136.0,0.0,0.0,136.0,2021
Art & Sculpture,3,135.0,0.0,0.0,135.0,2020
Art & Sculpture,3,134.0,0.0,0.0,134.0,2020
Art & Sculpture,2,130.0,0.0,0.0,130.0,2019
Art & Sculpture,1,128.0,0.0,0.0,128.0,2017
Art & Sculpture,2,128.0,0.0,0.0,128.0,2018
Art & Sculpture,1,128.0,0.0,0.0,128.0,2017
Art & Sculpture,5,130.0,-2.6,0.0,127.4,2019
Art & Sculpture,1,125.0,0.0,0.0,125.0,2017
Art & Sculpture,1,125.0,0.0,0.0,125.0,2018
Art & Sculpture,1,156.0,-31.2,0.0,124.8,2017
Art & Sculpture,3,132.0,-8.4,0.0,123.6,2017
Art & Sculpture,3,132.0,-8.8,0.0,123.2,2018
Art & Sculpture,2,136.0,-13.6,0.0,122.4,2019
Art & Sculpture,2,128.0,-6.41,0.0,121.59,2021
Art & Sculpture,7,126.0,-5.4,0.0,120.6,2021
Art & Sculpture,6,122.0,-1.8,0.0,120.2,2020
Art & Sculpture,1,120.0,0.0,0.0,120.0,2019
Art & Sculpture,4,122.0,-3.8,0.0,118.2,2021
Art & Sculpture,3,126.0,-8.4,0.0,117.6,2018
Art & Sculpture,2,128.0,-12.8,0.0,115.2,2018
Art & Sculpture,1,115.0,0.0,0.0,115.0,2017
Art & Sculpture,3,126.0,-11.14,0.0,114.86,2019
Art & Sculpture,3,114.0,0.0,0.0,114.0,2021
Art & Sculpture,3,152.0,-3.8,-34.2,114.0,2019
Art & Sculpture,3,115.0,-3.5,0.0,111.5,2018
Art & Sculpture,3,114.0,-3.8,0.0,110.2,2020
Art & Sculpture,3,108.0,-8.0,0.0,100.0,2019
Art & Sculpture,3,99.0,0.0,0.0,99.0,2020
Art & Sculpture,3,96.0,0.0,0.0,96.0,2019
Art & Sculpture,2,96.0,0.0,0.0,96.0,2021
Art & Sculpture,4,96.0,0.0,0.0,96.0,2021
Art & Sculpture,3,96.0,0.0,0.0,96.0,2019
Art & Sculpture,2,96.0,0.0,0.0,96.0,2020
Art & Sculpture,1,95.0,0.0,0.0,95.0,2017
Art & Sculpture,1,95.0,0.0,0.0,95.0,2019
Art & Sculpture,3,96.0,-3.2,0.0,92.8,2018
Art & Sculpture,2,96.0,-4.8,0.0,91.2,2017
Art & Sculpture,2,90.0,0.0,0.0,90.0,2021
Art & Sculpture,2,132.0,-4.88,-37.12,90.0,2018
Art & Sculpture,2,90.0,0.0,0.0,90.0,2017
Art & Sculpture,2,90.0,0.0,0.0,90.0,2019
Art & Sculpture,2,90.0,0.0,0.0,90.0,2018
Art & Sculpture,1,112.0,-22.4,0.0,89.6,2019
Art & Sculpture,1,99.0,-9.9,0.0,89.1,2019
Art & Sculpture,5,90.0,-1.8,0.0,88.2,2021
Art & Sculpture,1,98.0,-9.8,0.0,88.2,2018
Art & Sculpture,2,132.0,0.0,-44.0,88.0,2020
Art & Sculpture,1,88.0,0.0,0.0,88.0,2018
Art & Sculpture,2,90.0,-2.5,0.0,87.5,2019
Art & Sculpture,4,91.0,-4.7,0.0,86.3,2018
Art & Sculpture,2,90.0,-4.5,0.0,85.5,2020
Art & Sculpture,3,84.0,0.0,0.0,84.0,2017
Art & Sculpture,3,84.0,-2.79,0.0,81.21,2020
Art & Sculpture,2,80.0,0.0,0.0,80.0,2020
Art & Sculpture,3,82.0,-2.2,0.0,79.8,2018
Art & Sculpture,1,88.0,-8.8,0.0,79.2,2017
Art & Sculpture,2,76.0,0.0,0.0,76.0,2020
Art & Sculpture,2,76.0,0.0,0.0,76.0,2019
Art & Sculpture,1,75.0,0.0,0.0,75.0,2019
Art & Sculpture,2,74.0,0.0,0.0,74.0,2019
Art & Sculpture,5,76.0,-2.0,0.0,74.0,2020
Art & Sculpture,3,72.0,0.0,0.0,72.0,2020
Art & Sculpture,1,72.0,0.0,0.0,72.0,2019
Art & Sculpture,2,70.0,0.0,0.0,70.0,2018
Art & Sculpture,2,72.0,-2.8,0.0,69.2,2021
Art & Sculpture,2,73.1,-4.08,0.0,69.02,2019
Art & Sculpture,1,68.0,0.0,0.0,68.0,2021
Art & Sculpture,1,68.0,0.0,0.0,68.0,2017
Art & Sculpture,1,68.0,0.0,0.0,68.0,2021
Art & Sculpture,3,66.0,0.0,0.0,66.0,2020
Art & Sculpture,3,66.0,0.0,0.0,66.0,2021
Art & Sculpture,3,66.0,0.0,0.0,66.0,2019
Art & Sculpture,2,65.6,0.0,0.0,65.6,2018
Art & Sculpture,1,82.0,-16.4,0.0,65.6,2017
Art & Sculpture,2,64.0,0.0,0.0,64.0,2021
Art & Sculpture,2,64.0,0.0,0.0,64.0,2021
Art & Sculpture,3,66.0,-2.2,0.0,63.8,2020
Art & Sculpture,1,68.0,-6.8,0.0,61.2,2020
Art & Sculpture,3,66.0,-5.5,0.0,60.5,2020
Art & Sculpture,3,66.0,-6.6,0.0,59.4,2019
Art & Sculpture,2,56.0,0.0,0.0,56.0,2021
Art & Sculpture,2,56.0,0.0,0.0,56.0,2020
Art & Sculpture,4,56.0,0.0,0.0,56.0,2019
Art & Sculpture,2,56.0,0.0,0.0,56.0,2018
Art & Sculpture,3,57.0,-1.9,0.0,55.1,2018
Art & Sculpture,1,68.0,-13.6,0.0,54.4,2020
Art & Sculpture,1,54.0,0.0,0.0,54.0,2017
Art & Sculpture,3,54.0,0.0,0.0,54.0,2018
Art & Sculpture,1,58.0,-5.0,0.0,53.0,2019
Art & Sculpture,3,54.0,-1.8,0.0,52.2,2019
Art & Sculpture,1,58.0,-5.81,0.0,52.19,2019
Art & Sculpture,1,52.0,0.0,0.0,52.0,2018
Art & Sculpture,1,56.0,-5.6,0.0,50.4,2018
Art & Sculpture,3,54.0,-3.6,0.0,50.4,2017
Art & Sculpture,2,50.0,0.0,0.0,50.0,2018
Art & Sculpture,3,49.3,0.0,0.0,49.3,2021
Art & Sculpture,1,48.0,0.0,0.0,48.0,2020
Art & Sculpture,1,48.0,0.0,0.0,48.0,2017
Art & Sculpture,1,48.0,0.0,0.0,48.0,2018
Art & Sculpture,1,48.0,0.0,0.0,48.0,2019
Art & Sculpture,1,48.0,0.0,0.0,48.0,2018
Art & Sculpture,2,48.0,0.0,0.0,48.0,2018
Art & Sculpture,3,45.0,0.0,0.0,45.0,2018
Art & Sculpture,1,45.0,0.0,0.0,45.0,2019
Art & Sculpture,1,45.0,0.0,0.0,45.0,2017
Art & Sculpture,1,45.0,0.0,0.0,45.0,2018
Art & Sculpture,1,44.0,0.0,0.0,44.0,2017
Art & Sculpture,1,44.0,0.0,0.0,44.0,2017
Art & Sculpture,2,44.0,0.0,0.0,44.0,2019
Art & Sculpture,1,44.0,0.0,0.0,44.0,2020
Art & Sculpture,2,44.0,0.0,0.0,44.0,2018
Art & Sculpture,2,48.0,-4.8,0.0,43.2,2018
Art & Sculpture,3,43.2,0.0,0.0,43.2,2019
Art & Sculpture,1,45.0,-2.5,0.0,42.5,2020
Art & Sculpture,1,42.0,0.0,0.0,42.0,2021
Art & Sculpture,2,42.0,0.0,0.0,42.0,2020
Art & Sculpture,1,42.0,0.0,0.0,42.0,2020
Art & Sculpture,1,42.0,0.0,0.0,42.0,2017
Art & Sculpture,1,42.0,0.0,0.0,42.0,2017
Art & Sculpture,2,44.0,-2.2,0.0,41.8,2021
Art & Sculpture,2,44.0,-2.2,0.0,41.8,2020
Art & Sculpture,1,45.0,-4.49,0.0,40.51,2019
Art & Sculpture,1,45.0,-4.5,0.0,40.5,2019
Art & Sculpture,1,45.0,-4.5,0.0,40.5,2021
Art & Sculpture,2,40.0,0.0,0.0,40.0,2019
Art & Sculpture,2,44.0,-4.4,0.0,39.6,2021
Art & Sculpture,1,44.0,-4.4,0.0,39.6,2017
Art & Sculpture,1,38.0,0.0,0.0,38.0,2021
Art & Sculpture,1,38.0,0.0,0.0,38.0,2021
Art & Sculpture,1,38.0,0.0,0.0,38.0,2018
Art & Sculpture,1,38.0,0.0,0.0,38.0,2018
Art & Sculpture,1,38.0,0.0,0.0,38.0,2019
Art & Sculpture,1,38.0,0.0,0.0,38.0,2020
Art & Sculpture,1,38.0,0.0,0.0,38.0,2019
Art & Sculpture,1,38.0,0.0,0.0,38.0,2018
Art & Sculpture,1,38.0,0.0,0.0,38.0,2020
Art & Sculpture,1,38.0,0.0,0.0,38.0,2018
Art & Sculpture,1,38.0,0.0,0.0,38.0,2017
Art & Sculpture,1,42.0,-4.19,0.0,37.81,2018
Art & Sculpture,2,38.0,-1.9,0.0,36.1,2019
Art & Sculpture,2,36.0,0.0,0.0,36.0,2019
Art & Sculpture,2,36.0,0.0,0.0,36.0,2019
Art & Sculpture,1,36.0,0.0,0.0,36.0,2019
Art & Sculpture,1,36.0,0.0,0.0,36.0,2021
Art & Sculpture,2,36.0,0.0,0.0,36.0,2021
Art & Sculpture,2,36.0,0.0,0.0,36.0,2017
Art & Sculpture,2,36.0,-1.16,0.0,34.84,2019
Art & Sculpture,2,36.0,-1.8,0.0,34.2,2018
Art & Sculpture,1,38.0,-3.8,0.0,34.2,2018
Art & Sculpture,2,36.0,-1.8,0.0,34.2,2021
Art & Sculpture,1,38.0,-3.8,0.0,34.2,2021
Art & Sculpture,1,34.0,0.0,0.0,34.0,2020
Art & Sculpture,1,34.0,0.0,0.0,34.0,2020
Art & Sculpture,2,36.0,-2.1,0.0,33.9,2020
Art & Sculpture,1,36.0,-3.6,0.0,32.4,2020
Art & Sculpture,2,36.0,-3.6,0.0,32.4,2020
Art & Sculpture,1,32.0,0.0,0.0,32.0,2017
Art & Sculpture,1,32.0,0.0,0.0,32.0,2018
Art & Sculpture,1,32.0,0.0,0.0,32.0,2021
Art & Sculpture,1,32.0,0.0,0.0,32.0,2020
Art & Sculpture,1,32.0,0.0,0.0,32.0,2018
Art & Sculpture,1,32.0,0.0,0.0,32.0,2018
Art & Sculpture,1,32.0,0.0,0.0,32.0,2019
Art & Sculpture,1,32.0,0.0,0.0,32.0,2020
Art & Sculpture,1,36.0,-5.0,0.0,31.0,2017
Art & Sculpture,1,28.0,0.0,0.0,28.0,2021
Art & Sculpture,1,28.0,0.0,0.0,28.0,2018
Art & Sculpture,1,28.0,0.0,0.0,28.0,2017
Art & Sculpture,1,28.0,0.0,0.0,28.0,2017
Art & Sculpture,1,25.6,0.0,0.0,25.6,2021
Art & Sculpture,2,26.4,-1.32,0.0,25.08,2021
Art & Sculpture,1,24.0,0.0,0.0,24.0,2020
Art & Sculpture,1,24.0,0.0,0.0,24.0,2021
Art & Sculpture,1,24.0,0.0,0.0,24.0,2020
Art & Sculpture,1,24.0,0.0,0.0,24.0,2019
Art & Sculpture,1,26.0,-2.59,0.0,23.41,2018
Art & Sculpture,1,26.0,-2.6,0.0,23.4,2019
Art & Sculpture,1,22.0,0.0,0.0,22.0,2021
Art & Sculpture,1,22.0,0.0,0.0,22.0,2020
Art & Sculpture,1,22.0,0.0,0.0,22.0,2019
Art & Sculpture,1,22.0,0.0,0.0,22.0,2018
Art & Sculpture,1,24.0,-2.4,0.0,21.6,2019
Art & Sculpture,1,18.0,0.0,0.0,18.0,2020
Art & Sculpture,1,18.0,0.0,0.0,18.0,2021
Art & Sculpture,1,18.0,0.0,0.0,18.0,2019
Art & Sculpture,1,18.0,0.0,0.0,18.0,2020
Art & Sculpture,1,18.0,0.0,0.0,18.0,2017
Art & Sculpture,1,18.0,0.0,0.0,18.0,2019
Art & Sculpture,1,18.0,0.0,0.0,18.0,2019
Art & Sculpture,1,18.0,0.0,0.0,18.0,2019
Art & Sculpture,1,16.0,-1.6,0.0,14.4,2021
Art & Sculpture,1,14.0,0.0,0.0,14.0,2017
Art & Sculpture,1,13.2,0.0,0.0,13.2,2017
Basket,13,3744.0,-316.8,0.0,3427.2,2017
Basket,12,3825.0,-201.6,-288.0,3335.4,2021
Basket,17,3035.0,-63.25,0.0,2971.75,2017
Basket,17,2695.0,-52.5,-110.0,2532.5,2021
Basket,20,2310.0,-66.0,-110.0,2134.0,2021
Basket,11,1925.0,-17.5,0.0,1907.5,2018
Basket,30,1907.0,-41.3,0.0,1865.7,2017
Basket,15,1725.0,-92.0,0.0,1633.0,2018
Basket,20,1560.0,-47.8,0.0,1512.2,2017
Basket,5,1467.0,-57.6,0.0,1409.4,2019
Basket,15,1260.0,0.0,0.0,1260.0,2018
Basket,9,1315.0,-57.5,0.0,1257.5,2019
Basket,7,1225.0,-70.0,0.0,1155.0,2021
Basket,4,1152.0,-57.6,0.0,1094.4,2017
Basket,14,1158.0,-67.16,0.0,1090.84,2021
Basket,10,1100.0,-11.0,0.0,1089.0,2020
Basket,10,1100.0,-26.13,0.0,1073.87,2021
Basket,11,1056.0,-7.57,0.0,1048.43,2019
Basket,6,1050.0,-17.5,0.0,1032.5,2021
Basket,4,1030.0,0.0,0.0,1030.0,2019
Basket,13,1194.0,-8.8,-156.0,1029.2,2017
Basket,6,1225.0,-35.0,-175.0,1015.0,2021
Basket,6,990.0,0.0,0.0,990.0,2021
Basket,6,1050.0,-78.75,0.0,971.25,2018
Basket,9,1100.0,-43.99,-99.01,957.0,2019
Basket,9,990.0,-43.99,0.0,946.01,2020
Basket,7,952.0,-13.6,0.0,938.4,2017
Basket,5,925.0,0.0,0.0,925.0,2020
Basket,3,1179.0,0.0,-288.0,891.0,2018
Basket,3,945.0,-63.0,0.0,882.0,2021
Basket,11,898.0,-33.2,0.0,864.8,2019
Basket,7,876.5,-12.65,0.0,863.85,2019
Basket,5,875.0,-17.5,0.0,857.5,2017
Basket,7,812.0,-11.6,0.0,800.4,2019
Basket,7,1035.0,-23.0,-230.0,782.0,2021
Basket,16,804.0,-30.8,0.0,773.2,2017
Basket,7,770.0,-3.48,0.0,766.52,2018
Basket,7,775.0,-22.5,0.0,752.5,2018
Basket,7,770.0,-33.0,0.0,737.0,2021
Basket,9,736.0,0.0,0.0,736.0,2021
Basket,4,740.0,-18.5,0.0,721.5,2018
Basket,4,700.0,0.0,0.0,700.0,2021
Basket,6,696.0,-11.6,0.0,684.4,2018
Basket,5,725.0,-58.0,0.0,667.0,2019
Basket,4,700.0,-35.0,0.0,665.0,2021
Basket,5,625.0,-12.5,0.0,612.5,2018
Basket,2,891.0,0.0,-288.0,603.0,2021
Basket,5,580.0,0.0,0.0,580.0,2021
Basket,2,576.0,0.0,0.0,576.0,2018
Basket,3,564.0,0.0,0.0,564.0,2019
Basket,5,575.0,-23.0,0.0,552.0,2020
Basket,5,550.0,0.0,0.0,550.0,2020
Basket,5,550.0,-22.0,0.0,528.0,2018
Basket,5,550.0,-22.0,0.0,528.0,2019
Basket,5,550.0,-22.0,0.0,528.0,2019
Basket,19,622.0,-94.6,0.0,527.4,2021
Basket,3,525.0,0.0,0.0,525.0,2021
Basket,3,525.0,0.0,0.0,525.0,2021
Basket,12,528.0,-18.8,0.0,509.2,2018
Basket,3,525.0,-17.5,0.0,507.5,2018
Basket,4,500.0,0.0,0.0,500.0,2021
Basket,9,498.0,0.0,0.0,498.0,2021
Basket,12,546.0,-17.6,-37.0,491.4,2017
Basket,10,480.0,-4.8,0.0,475.2,2018
Basket,4,500.0,-37.5,0.0,462.5,2021
Basket,4,460.0,0.0,0.0,460.0,2020
Basket,3,460.0,-2.24,0.0,457.76,2021
Basket,3,450.0,0.0,0.0,450.0,2017
Basket,3,460.0,-17.5,0.0,442.5,2018
Basket,4,440.0,-11.0,0.0,429.0,2018
Basket,10,420.0,-9.6,0.0,410.4,2021
Basket,2,615.0,0.0,-205.0,410.0,2021
Basket,6,408.0,-11.8,0.0,396.2,2018
Basket,4,440.0,-44.0,0.0,396.0,2018
Basket,2,410.0,-20.5,0.0,389.5,2017
Basket,4,414.0,-33.0,0.0,381.0,2019
Basket,9,378.0,-4.2,0.0,373.8,2020
Basket,2,370.0,0.0,0.0,370.0,2021
Basket,11,393.25,-25.0,0.0,368.25,2017
Basket,8,428.0,-19.2,-46.0,362.8,2017
Basket,2,370.0,-18.5,0.0,351.5,2020
Basket,2,350.0,0.0,0.0,350.0,2017
Basket,2,350.0,0.0,0.0,350.0,2019
Basket,2,350.0,0.0,0.0,350.0,2020
Basket,7,364.0,-15.6,0.0,348.4,2020
Basket,6,348.0,0.0,0.0,348.0,2018
Basket,3,348.0,0.0,0.0,348.0,2018
Basket,3,348.0,0.0,0.0,348.0,2019
Basket,8,344.0,0.0,0.0,344.0,2017
Basket,9,342.0,0.0,0.0,342.0,2020
Basket,9,339.0,0.0,0.0,339.0,2020
Basket,3,360.0,-24.0,0.0,336.0,2018
Basket,2,350.0,-17.5,0.0,332.5,2017
Basket,3,330.0,0.0,0.0,330.0,2018
Basket,3,440.0,0.0,-110.0,330.0,2021
Basket,3,330.0,0.0,0.0,330.0,2019
Basket,2,330.0,0.0,0.0,330.0,2019
Basket,1,365.0,-36.5,0.0,328.5,2020
Basket,3,330.0,-11.0,0.0,319.0,2021
Basket,3,330.0,-11.0,0.0,319.0,2018
Basket,2,350.0,-35.0,0.0,315.0,2018
Basket,2,350.0,-35.0,0.0,315.0,2021
Basket,1,310.0,0.0,0.0,310.0,2020
Basket,3,330.0,-22.0,0.0,308.0,2020
Basket,5,307.0,0.0,0.0,307.0,2020
Basket,3,348.0,-46.4,0.0,301.6,2019
Basket,8,348.0,-11.41,-38.0,298.59,2021
Basket,3,298.0,0.0,0.0,298.0,2021
Basket,3,304.0,-11.0,0.0,293.0,2017
Basket,3,288.0,0.0,0.0,288.0,2020
Basket,6,280.0,-6.32,0.0,273.68,2020
Basket,2,272.0,0.0,0.0,272.0,2017
Basket,1,288.0,-28.8,0.0,259.2,2019
Basket,6,264.0,-8.8,0.0,255.2,2017
Basket,6,252.0,0.0,0.0,252.0,2017
Basket,6,267.0,-15.31,0.0,251.69,2021
Basket,1,240.0,0.0,0.0,240.0,2019
Basket,1,240.0,0.0,0.0,240.0,2019
Basket,1,240.0,0.0,0.0,240.0,2017
Basket,8,274.0,0.0,-34.0,240.0,2021
Basket,1,240.0,0.0,0.0,240.0,2019
Basket,2,232.0,0.0,0.0,232.0,2018
Basket,2,232.0,0.0,0.0,232.0,2019
Basket,2,348.0,-11.6,-104.4,232.0,2019
Basket,2,230.0,0.0,0.0,230.0,2019
Basket,5,272.0,-5.12,-38.88,228.0,2018
Basket,6,268.0,-4.0,-38.0,226.0,2018
Basket,5,240.0,-14.6,0.0,225.4,2019
Basket,4,245.0,-19.69,0.0,225.31,2019
Basket,6,228.0,-3.4,0.0,224.6,2021
Basket,6,266.0,-3.8,-38.0,224.2,2020
Basket,4,232.0,-10.6,0.0,221.4,2018
Basket,2,232.0,-11.6,0.0,220.4,2019
Basket,2,220.0,0.0,0.0,220.0,2017
Basket,2,220.0,0.0,0.0,220.0,2021
Basket,2,220.0,0.0,0.0,220.0,2020
Basket,2,220.0,0.0,0.0,220.0,2019
Basket,2,220.0,0.0,0.0,220.0,2017
Basket,2,220.0,0.0,0.0,220.0,2021
Basket,1,240.0,-24.0,0.0,216.0,2019
Basket,1,240.0,-24.0,0.0,216.0,2017
Basket,1,240.0,-24.0,0.0,216.0,2021
Basket,1,240.0,-24.0,0.0,216.0,2017
Basket,5,220.0,-8.8,0.0,211.2,2018
Basket,1,210.0,0.0,0.0,210.0,2018
Basket,2,220.0,-11.0,0.0,209.0,2018
Basket,2,220.0,-11.0,0.0,209.0,2021
Basket,2,220.0,-11.0,0.0,209.0,2017
Basket,2,220.0,-11.0,0.0,209.0,2017
Basket,2,232.0,-23.2,0.0,208.8,2017
Basket,3,204.0,0.0,0.0,204.0,2021
Basket,3,204.0,0.0,0.0,204.0,2021
Basket,6,204.0,0.0,0.0,204.0,2018
Basket,3,204.0,0.0,0.0,204.0,2019
Basket,4,204.0,-5.8,0.0,198.2,2021
Basket,2,220.0,-22.0,0.0,198.0,2019
Basket,1,220.0,-22.0,0.0,198.0,2020
Basket,1,195.0,0.0,0.0,195.0,2020
Basket,1,195.0,0.0,0.0,195.0,2019
Basket,1,390.0,0.0,-195.0,195.0,2019
Basket,1,195.0,0.0,0.0,195.0,2019
Basket,4,208.0,-13.01,0.0,194.99,2017
Basket,3,204.0,-13.6,0.0,190.4,2021
Basket,2,190.0,0.0,0.0,190.0,2018
Basket,4,194.0,-4.4,0.0,189.6,2021
Basket,4,194.0,-5.0,0.0,189.0,2017
Basket,1,564.0,0.0,-376.0,188.0,2017
Basket,4,188.0,0.0,0.0,188.0,2018
Basket,7,196.0,-8.39,0.0,187.61,2018
Basket,6,194.0,-6.41,0.0,187.59,2021
Basket,4,192.0,-4.8,0.0,187.2,2017
Basket,4,192.0,-4.8,0.0,187.2,2021
Basket,1,185.0,0.0,0.0,185.0,2019
Basket,1,185.0,0.0,0.0,185.0,2020
Basket,1,185.0,0.0,0.0,185.0,2019
Basket,1,185.0,0.0,0.0,185.0,2019
Basket,1,185.0,0.0,0.0,185.0,2021
Basket,1,185.0,0.0,0.0,185.0,2017
Basket,1,185.0,0.0,0.0,185.0,2021
Basket,1,185.0,0.0,0.0,185.0,2018
Basket,1,185.0,0.0,0.0,185.0,2017
Basket,1,185.0,0.0,0.0,185.0,2019
Basket,1,185.0,0.0,0.0,185.0,2018
Basket,1,185.0,0.0,0.0,185.0,2018
Basket,1,185.0,0.0,0.0,185.0,2018
Basket,1,185.0,0.0,0.0,185.0,2019
Basket,1,185.0,0.0,0.0,185.0,2018
Basket,1,185.0,0.0,0.0,185.0,2019
Basket,1,185.0,0.0,0.0,185.0,2018
Basket,1,185.0,0.0,0.0,185.0,2019
Basket,1,185.0,0.0,0.0,185.0,2019
Basket,1,185.0,0.0,0.0,185.0,2020
Basket,1,185.0,0.0,0.0,185.0,2021
Basket,1,185.0,0.0,0.0,185.0,2017
Basket,1,185.0,0.0,0.0,185.0,2017
Basket,1,205.0,-20.5,0.0,184.5,2018
Basket,4,182.0,0.0,0.0,182.0,2019
Basket,4,184.0,-4.6,0.0,179.4,2017
Basket,2,188.0,-9.4,0.0,178.6,2020
Basket,1,195.0,-19.5,0.0,175.5,2018
Basket,1,175.0,0.0,0.0,175.0,2018
Basket,1,175.0,0.0,0.0,175.0,2021
Basket,1,175.0,0.0,0.0,175.0,2018
Basket,1,175.0,0.0,0.0,175.0,2020
Basket,1,175.0,0.0,0.0,175.0,2020
Basket,1,175.0,0.0,0.0,175.0,2017
Basket,1,175.0,0.0,0.0,175.0,2017
Basket,1,175.0,0.0,0.0,175.0,2018
Basket,1,175.0,0.0,0.0,175.0,2021
Basket,1,175.0,0.0,0.0,175.0,2019
Basket,1,175.0,0.0,0.0,175.0,2021
Basket,1,175.0,0.0,0.0,175.0,2019
Basket,1,175.0,0.0,0.0,175.0,2017
Basket,1,175.0,0.0,0.0,175.0,2018
Basket,1,175.0,0.0,0.0,175.0,2021
Basket,1,175.0,0.0,0.0,175.0,2019
Basket,1,175.0,0.0,0.0,175.0,2021
Basket,1,175.0,0.0,0.0,175.0,2018
Basket,1,175.0,0.0,0.0,175.0,2019
Basket,3,174.0,0.0,0.0,174.0,2019
Basket,3,174.0,0.0,0.0,174.0,2021
Basket,4,176.0,-4.4,0.0,171.6,2021
Basket,5,170.0,0.0,0.0,170.0,2018
Basket,4,168.0,0.0,0.0,168.0,2018
Basket,1,185.0,-18.5,0.0,166.5,2017
Basket,1,185.0,-18.5,0.0,166.5,2019
Basket,1,185.0,-18.5,0.0,166.5,2021
Basket,1,185.0,-18.5,0.0,166.5,2018
Basket,1,185.0,-18.5,0.0,166.5,2017
Basket,1,185.0,-18.5,0.0,166.5,2018
Basket,1,185.0,-18.5,0.0,166.5,2020
Basket,1,185.0,-18.5,0.0,166.5,2018
Basket,1,185.0,-18.5,0.0,166.5,2019
Basket,1,185.0,-18.5,0.0,166.5,2019
Basket,1,185.0,-18.5,0.0,166.5,2017
Basket,1,185.0,-18.5,0.0,166.5,2019
Basket,2,182.0,-16.23,0.0,165.77,2018
Basket,1,165.0,0.0,0.0,165.0,2017
Basket,1,165.0,0.0,0.0,165.0,2019
Basket,1,165.0,0.0,0.0,165.0,2018
Basket,5,206.0,-7.2,-34.0,164.8,2021
Basket,3,164.0,0.0,0.0,164.0,2020
Basket,10,160.0,0.0,0.0,160.0,2021
Basket,3,160.0,0.0,0.0,160.0,2020
Basket,3,171.0,-11.3,0.0,159.7,2019
Basket,6,170.0,-11.6,0.0,158.4,2018
Basket,3,163.0,-4.8,0.0,158.2,2017
Basket,5,172.0,-14.0,0.0,158.0,2021
Basket,1,175.0,-17.49,0.0,157.51,2017
Basket,1,175.0,-17.5,0.0,157.5,2021
Basket,1,175.0,-17.5,0.0,157.5,2017
Basket,1,175.0,-17.5,0.0,157.5,2021
Basket,1,175.0,-17.5,0.0,157.5,2019
Basket,1,175.0,-17.5,0.0,157.5,2019
Basket,1,175.0,-17.5,0.0,157.5,2021
Basket,1,174.0,-17.4,0.0,156.6,2018
Basket,3,174.0,-17.4,0.0,156.6,2020
Basket,1,155.0,0.0,0.0,155.0,2020
Basket,3,152.0,0.0,0.0,152.0,2017
Basket,3,156.0,-5.2,0.0,150.8,2019
Basket,1,165.0,-16.5,0.0,148.5,2018
Basket,1,165.0,-16.5,0.0,148.5,2018
Basket,1,165.0,-16.5,0.0,148.5,2021
Basket,1,165.0,-16.5,0.0,148.5,2019
Basket,4,152.0,-3.8,0.0,148.2,2017
Basket,3,148.0,0.0,0.0,148.0,2020
Basket,1,185.0,-37.0,0.0,148.0,2019
Basket,2,148.0,0.0,0.0,148.0,2021
Basket,1,185.0,-37.0,0.0,148.0,2020
Basket,4,192.0,-7.79,-38.0,146.21,2020
Basket,1,145.0,0.0,0.0,145.0,2018
Basket,1,145.0,0.0,0.0,145.0,2018
Basket,1,145.0,0.0,0.0,145.0,2020
Basket,1,145.0,0.0,0.0,145.0,2017
Basket,1,145.0,0.0,0.0,145.0,2019
Basket,1,145.0,0.0,0.0,145.0,2017
Basket,1,145.0,0.0,0.0,145.0,2021
Basket,1,145.0,0.0,0.0,145.0,2020
Basket,1,145.0,0.0,0.0,145.0,2021
Basket,1,145.0,0.0,0.0,145.0,2018
Basket,1,145.0,0.0,0.0,145.0,2021
Basket,1,145.0,0.0,0.0,145.0,2020
Basket,1,145.0,0.0,0.0,145.0,2021
Basket,1,145.0,0.0,0.0,145.0,2019
Basket,1,145.0,0.0,0.0,145.0,2019
Basket,1,145.0,0.0,0.0,145.0,2020
Basket,1,145.0,0.0,0.0,145.0,2017
Basket,1,145.0,0.0,0.0,145.0,2020
Basket,1,145.0,0.0,0.0,145.0,2020
Basket,1,145.0,0.0,0.0,145.0,2021
Basket,1,145.0,0.0,0.0,145.0,2018
Basket,1,145.0,0.0,0.0,145.0,2017
Basket,1,145.0,0.0,0.0,145.0,2021
Basket,1,145.0,0.0,0.0,145.0,2021
Basket,1,145.0,0.0,0.0,145.0,2017
Basket,1,145.0,0.0,0.0,145.0,2019
Basket,2,144.0,0.0,0.0,144.0,2020
Basket,1,145.0,-5.0,0.0,140.0,2020
Basket,3,144.0,-4.8,0.0,139.2,2020
Basket,3,144.0,-4.8,0.0,139.2,2017
Basket,3,144.0,-4.8,0.0,139.2,2019
Basket,3,144.0,-4.8,0.0,139.2,2019
Basket,3,138.0,0.0,0.0,138.0,2021
Basket,4,150.0,-13.68,0.0,136.32,2021
Basket,2,136.0,0.0,0.0,136.0,2017
Basket,1,136.0,0.0,0.0,136.0,2017
Basket,1,136.0,0.0,0.0,136.0,2021
Basket,2,136.0,0.0,0.0,136.0,2017
Basket,1,136.0,0.0,0.0,136.0,2020
Basket,3,146.0,-10.2,0.0,135.8,2020
Basket,3,132.0,0.0,0.0,132.0,2021
Basket,1,145.0,-14.5,0.0,130.5,2019
Basket,1,145.0,-14.5,0.0,130.5,2019
Basket,1,145.0,-14.5,0.0,130.5,2021
Basket,1,145.0,-14.5,0.0,130.5,2017
Basket,1,145.0,-14.5,0.0,130.5,2021
Basket,2,144.0,-14.4,0.0,129.6,2021
Basket,2,136.0,-6.8,0.0,129.2,2021
Basket,2,256.0,0.0,-128.0,128.0,2018
Basket,3,132.0,-4.4,0.0,127.6,2021
Basket,1,125.0,0.0,0.0,125.0,2020
Basket,1,125.0,0.0,0.0,125.0,2020
Basket,1,125.0,0.0,0.0,125.0,2020
Basket,1,125.0,0.0,0.0,125.0,2019
Basket,1,125.0,0.0,0.0,125.0,2017
Basket,1,125.0,0.0,0.0,125.0,2021
Basket,1,125.0,0.0,0.0,125.0,2019
Basket,1,125.0,0.0,0.0,125.0,2017
Basket,1,125.0,0.0,0.0,125.0,2019
Basket,1,125.0,0.0,0.0,125.0,2021
Basket,1,125.0,0.0,0.0,125.0,2019
Basket,1,125.0,0.0,0.0,125.0,2020
Basket,3,132.0,-8.8,0.0,123.2,2019
Basket,1,136.0,-13.6,0.0,122.4,2017
Basket,1,120.0,0.0,0.0,120.0,2017
Basket,1,120.0,0.0,0.0,120.0,2020
Basket,3,125.0,-8.7,0.0,116.3,2017
Basket,1,116.0,0.0,0.0,116.0,2017
Basket,1,116.0,0.0,0.0,116.0,2019
Basket,1,116.0,0.0,0.0,116.0,2019
Basket,1,116.0,0.0,0.0,116.0,2017
Basket,1,116.0,0.0,0.0,116.0,2018
Basket,2,116.0,0.0,0.0,116.0,2021
Basket,1,116.0,0.0,0.0,116.0,2020
Basket,1,115.0,0.0,0.0,115.0,2019
Basket,1,115.0,0.0,0.0,115.0,2018
Basket,1,115.0,0.0,0.0,115.0,2017
Basket,2,120.0,-6.8,0.0,113.2,2021
Basket,1,125.0,-12.5,0.0,112.5,2017
Basket,1,125.0,-12.5,0.0,112.5,2017
Basket,1,125.0,-12.5,0.0,112.5,2020
Basket,1,125.0,-12.5,0.0,112.5,2019
Basket,2,176.0,-6.4,-57.6,112.0,2018
Basket,3,114.0,-3.8,0.0,110.2,2018
Basket,1,110.0,0.0,0.0,110.0,2019
Basket,1,110.0,0.0,0.0,110.0,2021
Basket,1,110.0,0.0,0.0,110.0,2018
Basket,1,110.0,0.0,0.0,110.0,2018
Basket,1,110.0,0.0,0.0,110.0,2020
Basket,1,110.0,0.0,0.0,110.0,2018
Basket,1,115.0,-5.0,0.0,110.0,2019
Basket,1,110.0,0.0,0.0,110.0,2017
Basket,1,220.0,0.0,-110.0,110.0,2018
Basket,1,110.0,0.0,0.0,110.0,2019
Basket,4,112.0,-2.8,0.0,109.2,2021
Basket,4,112.0,-2.8,0.0,109.2,2017
Basket,1,125.0,-18.75,0.0,106.25,2019
Basket,1,116.0,-11.6,0.0,104.4,2021
Basket,1,116.0,-11.6,0.0,104.4,2017
Basket,1,116.0,-11.6,0.0,104.4,2017
Basket,1,116.0,-11.6,0.0,104.4,2020
Basket,1,115.0,-11.5,0.0,103.5,2020
Basket,1,115.0,-11.5,0.0,103.5,2018
Basket,1,115.0,-11.5,0.0,103.5,2020
Basket,1,115.0,-11.5,0.0,103.5,2019
Basket,1,110.0,-11.0,0.0,99.0,2021
Basket,1,110.0,-11.0,0.0,99.0,2017
Basket,1,110.0,-11.0,0.0,99.0,2018
Basket,3,190.0,-15.2,-76.0,98.8,2018
Basket,3,102.0,-3.4,0.0,98.6,2020
Basket,4,146.0,-20.8,-28.0,97.2,2019
Basket,1,96.0,0.0,0.0,96.0,2017
Basket,2,96.0,0.0,0.0,96.0,2021
Basket,2,96.0,0.0,0.0,96.0,2021
Basket,2,96.0,0.0,0.0,96.0,2018
Basket,1,96.0,0.0,0.0,96.0,2020
Basket,2,96.0,0.0,0.0,96.0,2019
Basket,1,96.0,0.0,0.0,96.0,2021
Basket,2,96.0,0.0,0.0,96.0,2021
Basket,2,96.0,0.0,0.0,96.0,2019
Basket,2,112.0,-16.8,0.0,95.2,2017
Basket,1,94.0,0.0,0.0,94.0,2017
Basket,1,94.0,0.0,0.0,94.0,2021
Basket,2,92.0,0.0,0.0,92.0,2021
Basket,2,92.0,0.0,0.0,92.0,2018
Basket,2,92.0,0.0,0.0,92.0,2017
Basket,2,96.0,-4.79,0.0,91.21,2019
Basket,2,96.0,-4.8,0.0,91.2,2020
Basket,1,90.0,0.0,0.0,90.0,2018
Basket,3,90.0,0.0,0.0,90.0,2020
Basket,3,96.0,-6.4,0.0,89.6,2018
Basket,2,88.0,0.0,0.0,88.0,2019
Basket,1,88.0,0.0,0.0,88.0,2017
Basket,2,88.0,0.0,0.0,88.0,2019
Basket,1,88.0,0.0,0.0,88.0,2017
Basket,2,92.0,-4.6,0.0,87.4,2017
Basket,2,86.0,0.0,0.0,86.0,2019
Basket,1,95.0,-9.5,0.0,85.5,2019
Basket,2,84.0,0.0,0.0,84.0,2019
Basket,2,84.0,0.0,0.0,84.0,2017
Basket,3,84.0,0.0,0.0,84.0,2017
Basket,2,88.0,-4.4,0.0,83.6,2017
Basket,2,88.0,-4.4,0.0,83.6,2017
Basket,3,84.0,-2.79,0.0,81.21,2018
Basket,2,84.0,-4.2,0.0,79.8,2019
Basket,2,126.0,-4.2,-42.0,79.8,2017
Basket,2,88.0,-8.8,0.0,79.2,2018
Basket,1,88.0,-8.8,0.0,79.2,2018
Basket,2,78.4,0.0,0.0,78.4,2018
Basket,1,78.0,0.0,0.0,78.0,2021
Basket,2,86.0,-8.4,0.0,77.6,2020
Basket,3,86.0,-8.43,0.0,77.57,2017
Basket,3,84.0,-8.41,0.0,75.59,2019
Basket,3,114.0,-11.6,-28.0,74.4,2018
Basket,1,74.0,0.0,0.0,74.0,2017
Basket,2,76.0,-3.8,0.0,72.2,2019
Basket,2,76.0,-3.8,0.0,72.2,2020
Basket,2,80.0,-8.0,0.0,72.0,2021
Basket,3,72.0,-2.4,0.0,69.6,2020
Basket,2,72.0,-3.61,0.0,68.39,2017
Basket,1,68.0,0.0,0.0,68.0,2021
Basket,1,68.0,0.0,0.0,68.0,2021
Basket,2,68.0,0.0,0.0,68.0,2017
Basket,1,68.0,0.0,0.0,68.0,2019
Basket,1,68.0,0.0,0.0,68.0,2018
Basket,2,68.0,0.0,0.0,68.0,2017
Basket,1,68.0,0.0,0.0,68.0,2017
Basket,1,68.0,0.0,0.0,68.0,2018
Basket,1,68.0,0.0,0.0,68.0,2021
Basket,1,68.0,0.0,0.0,68.0,2018
Basket,1,68.0,0.0,0.0,68.0,2018
Basket,1,68.0,0.0,0.0,68.0,2021
Basket,1,74.0,-7.4,0.0,66.6,2021
Basket,2,104.0,-3.61,-34.0,66.39,2017
Basket,2,98.0,-3.4,-32.0,62.6,2020
Basket,1,62.0,0.0,0.0,62.0,2018
Basket,1,68.0,-6.8,0.0,61.2,2018
Basket,1,66.0,-6.6,0.0,59.4,2021
Basket,2,62.0,-2.8,0.0,59.2,2021
Basket,1,58.0,0.0,0.0,58.0,2018
Basket,1,58.0,0.0,0.0,58.0,2021
Basket,1,58.0,0.0,0.0,58.0,2020
Basket,1,58.0,0.0,0.0,58.0,2020
Basket,1,290.0,0.0,-232.0,58.0,2021
Basket,1,58.0,0.0,0.0,58.0,2017
Basket,1,58.0,0.0,0.0,58.0,2020
Basket,1,58.0,0.0,0.0,58.0,2021
Basket,1,58.0,0.0,0.0,58.0,2017
Basket,1,58.0,0.0,0.0,58.0,2018
Basket,1,72.0,-14.4,0.0,57.6,2018
Basket,2,56.0,0.0,0.0,56.0,2018
Basket,2,56.0,0.0,0.0,56.0,2021
Basket,2,56.0,0.0,0.0,56.0,2021
Basket,3,60.0,-5.0,0.0,55.0,2017
Basket,1,68.0,-13.6,0.0,54.4,2020
Basket,1,68.0,-13.6,0.0,54.4,2017
Basket,1,58.0,-5.8,0.0,52.2,2017
Basket,1,58.0,-5.8,0.0,52.2,2020
Basket,2,58.0,-6.0,0.0,52.0,2017
Basket,1,54.0,-5.4,0.0,48.6,2018
Basket,1,48.0,0.0,0.0,48.0,2018
Basket,1,48.0,0.0,0.0,48.0,2018
Basket,1,48.0,0.0,0.0,48.0,2019
Basket,1,48.0,0.0,0.0,48.0,2020
Basket,1,48.0,0.0,0.0,48.0,2017
Basket,1,48.0,0.0,0.0,48.0,2017
Basket,1,48.0,0.0,0.0,48.0,2017
Basket,1,48.0,0.0,0.0,48.0,2018
Basket,3,48.0,0.0,0.0,48.0,2019
Basket,1,48.0,0.0,0.0,48.0,2019
Basket,1,48.0,0.0,0.0,48.0,2018
Basket,1,48.0,0.0,0.0,48.0,2017
Basket,1,48.0,0.0,0.0,48.0,2018
Basket,1,48.0,0.0,0.0,48.0,2020
Basket,1,48.0,0.0,0.0,48.0,2019
Basket,1,48.0,0.0,0.0,48.0,2017
Basket,1,48.0,-1.19,0.0,46.81,2018
Basket,1,58.0,-11.6,0.0,46.4,2018
Basket,1,58.0,-11.6,0.0,46.4,2017
Basket,1,46.0,0.0,0.0,46.0,2019
Basket,1,44.0,0.0,0.0,44.0,2020
Basket,1,44.0,0.0,0.0,44.0,2021
Basket,1,44.0,0.0,0.0,44.0,2017
Basket,1,44.0,0.0,0.0,44.0,2017
Basket,1,44.0,0.0,0.0,44.0,2020
Basket,1,48.0,-4.8,0.0,43.2,2021
Basket,1,48.0,-4.8,0.0,43.2,2021
Basket,1,48.0,-4.8,0.0,43.2,2019
Basket,1,44.0,-1.08,0.0,42.92,2021
Basket,1,42.0,0.0,0.0,42.0,2020
Basket,1,42.0,0.0,0.0,42.0,2020
Basket,1,42.0,0.0,0.0,42.0,2020
Basket,1,46.0,-4.6,0.0,41.4,2018
Basket,1,92.0,-4.6,-46.0,41.4,2019
Basket,1,46.0,-4.6,0.0,41.4,2018
Basket,1,46.0,-4.6,0.0,41.4,2018
Basket,1,46.0,-4.6,0.0,41.4,2021
Basket,1,44.0,-4.41,0.0,39.59,2017
Basket,1,38.0,0.0,0.0,38.0,2017
Basket,1,38.0,0.0,0.0,38.0,2020
Basket,1,38.0,0.0,0.0,38.0,2017
Basket,1,38.0,0.0,0.0,38.0,2021
Basket,1,42.0,-4.2,0.0,37.8,2020
Basket,1,40.6,-4.06,0.0,36.54,2020
Basket,1,48.0,-12.0,0.0,36.0,2017
Basket,1,69.75,0.0,-34.0,35.75,2020
Basket,1,44.0,-8.8,0.0,35.2,2017
Basket,1,44.0,-10.0,0.0,34.0,2017
Basket,1,34.0,0.0,0.0,34.0,2020
Basket,1,34.0,0.0,0.0,34.0,2018
Basket,1,34.0,0.0,0.0,34.0,2020
Basket,1,34.0,0.0,0.0,34.0,2018
Basket,1,34.0,0.0,0.0,34.0,2018
Basket,1,34.0,0.0,0.0,34.0,2021
Basket,1,34.0,0.0,0.0,34.0,2019
Basket,1,34.0,0.0,0.0,34.0,2020
Basket,1,34.0,0.0,0.0,34.0,2017
Basket,1,34.0,0.0,0.0,34.0,2018
Basket,1,34.0,-3.4,0.0,30.6,2017
Basket,1,34.0,-5.1,0.0,28.9,2017
Basket,2,34.0,-5.2,0.0,28.8,2018
Basket,1,70.0,-7.2,-34.0,28.8,2018
Basket,1,28.0,0.0,0.0,28.0,2018
Basket,1,28.0,0.0,0.0,28.0,2017
Basket,1,28.0,0.0,0.0,28.0,2021
Basket,1,28.0,0.0,0.0,28.0,2021
Basket,1,28.0,0.0,0.0,28.0,2018
Basket,1,28.0,0.0,0.0,28.0,2021
Basket,1,28.0,0.0,0.0,28.0,2020
Basket,1,28.0,0.0,0.0,28.0,2017
Basket,1,56.0,-2.8,-28.0,25.2,2019
Basket,1,84.0,-2.8,-56.0,25.2,2017
Basket,1,28.0,-2.81,0.0,25.19,2019
Basket,1,24.0,0.0,0.0,24.0,2018
Basket,1,24.0,0.0,0.0,24.0,2018
Basket,1,28.0,-4.52,0.0,23.48,2018
Basket,0,34.0,0.0,-34.0,0.0,2021
Basket,0,48.0,0.0,-48.0,0.0,2018
Basket,0,195.0,0.0,-195.0,0.0,2020
Basket,0,28.0,0.0,-28.0,0.0,2018
Basket,0,116.0,-23.2,-92.8,0.0,2018
Christmas,90,2160.0,-45.59,0.0,2114.41,2017
Christmas,58,1392.0,-45.6,0.0,1346.4,2019
Christmas,11,924.0,-33.6,0.0,890.4,2019
Christmas,18,798.0,-7.6,-114.0,676.4,2017
Christmas,15,570.0,-20.2,0.0,549.8,2019
Christmas,21,462.0,-2.2,0.0,459.8,2021
Christmas,5,440.0,0.0,0.0,440.0,2018
Christmas,17,442.0,-20.8,0.0,421.2,2021
Christmas,12,408.0,-3.4,0.0,404.6,2017
Christmas,16,352.0,0.0,0.0,352.0,2021
Christmas,16,352.0,-4.4,0.0,347.6,2019
Christmas,18,324.0,-10.8,0.0,313.2,2020
Christmas,16,306.0,-1.8,-18.0,286.2,2018
Christmas,13,286.0,-8.8,0.0,277.2,2017
Christmas,15,270.0,0.0,0.0,270.0,2018
Christmas,15,288.0,-3.6,-18.0,266.4,2021
Christmas,15,270.0,-5.41,0.0,264.59,2017
Christmas,13,234.0,0.0,0.0,234.0,2017
Christmas,9,252.0,-22.4,0.0,229.6,2020
Christmas,4,232.0,-5.8,0.0,226.2,2021
Christmas,8,224.0,-8.41,0.0,215.59,2019
Christmas,12,216.0,-1.8,0.0,214.2,2020
Christmas,10,180.0,-5.4,0.0,174.6,2020
Christmas,5,170.0,0.0,0.0,170.0,2018
Christmas,6,168.0,-8.4,0.0,159.6,2018
Christmas,8,144.0,-5.0,0.0,139.0,2018
Christmas,7,140.0,-5.89,0.0,134.11,2018
Christmas,7,140.0,-6.0,0.0,134.0,2018
Christmas,6,132.0,0.0,0.0,132.0,2017
Christmas,2,136.0,-6.8,0.0,129.2,2020
Christmas,2,128.0,0.0,0.0,128.0,2020
Christmas,6,126.0,0.0,0.0,126.0,2020
Christmas,4,252.0,0.0,-140.0,112.0,2019
Christmas,3,114.0,-7.6,0.0,106.4,2020
Christmas,6,110.0,-4.5,0.0,105.5,2018
Christmas,4,108.0,-3.6,0.0,104.4,2019
Christmas,3,108.0,-3.6,0.0,104.4,2019
Christmas,4,96.0,0.0,0.0,96.0,2017
Christmas,5,90.0,0.0,0.0,90.0,2019
Christmas,2,96.0,-9.8,0.0,86.2,2018
Christmas,4,88.0,-2.19,0.0,85.81,2021
Christmas,3,84.0,0.0,0.0,84.0,2018
Christmas,1,75.0,0.0,0.0,75.0,2021
Christmas,4,72.0,0.0,0.0,72.0,2017
Christmas,5,70.0,0.0,0.0,70.0,2021
Christmas,3,72.0,-2.41,0.0,69.59,2017
Christmas,3,66.0,0.0,0.0,66.0,2017
Christmas,3,66.0,-2.2,0.0,63.8,2020
Christmas,3,65.0,-2.5,0.0,62.5,2021
Christmas,3,66.0,-4.4,0.0,61.6,2017
Christmas,4,56.0,0.0,0.0,56.0,2020
Christmas,2,56.0,0.0,0.0,56.0,2018
Christmas,3,54.0,0.0,0.0,54.0,2019
Christmas,2,48.0,0.0,0.0,48.0,2019
Christmas,1,44.0,0.0,0.0,44.0,2019
Christmas,3,42.0,0.0,0.0,42.0,2018
Christmas,2,40.0,-3.88,0.0,36.12,2019
Christmas,2,36.0,0.0,0.0,36.0,2020
Christmas,2,36.0,0.0,0.0,36.0,2018
Christmas,2,36.0,0.0,0.0,36.0,2018
Christmas,2,36.0,0.0,0.0,36.0,2020
Christmas,1,36.0,-3.6,0.0,32.4,2018
Christmas,1,34.0,-3.4,0.0,30.6,2019
Christmas,1,28.0,0.0,0.0,28.0,2021
Christmas,1,22.0,0.0,0.0,22.0,2021
Christmas,1,20.0,0.0,0.0,20.0,2020
Christmas,1,18.0,0.0,0.0,18.0,2019
Christmas,1,18.0,0.0,0.0,18.0,2017
Christmas,1,18.0,0.0,0.0,18.0,2020
Christmas,1,18.0,0.0,0.0,18.0,2018
Christmas,1,18.0,0.0,0.0,18.0,2021
Christmas,1,18.0,-1.81,0.0,16.19,2018
Christmas,0,380.0,0.0,-380.0,0.0,2020
Easter,1,38.0,-3.8,0.0,34.2,2017
Fair Trade Gifts,17,432.0,-19.6,0.0,412.4,2017
Fair Trade Gifts,16,352.0,-13.18,0.0,338.82,2021
Fair Trade Gifts,22,264.0,0.0,0.0,264.0,2018
Fair Trade Gifts,12,114.0,0.0,0.0,114.0,2021
Fair Trade Gifts,3,114.0,0.0,0.0,114.0,2021
Fair Trade Gifts,3,90.0,0.0,0.0,90.0,2019
Fair Trade Gifts,1,78.0,0.0,0.0,78.0,2017
Fair Trade Gifts,4,72.0,0.0,0.0,72.0,2021
Fair Trade Gifts,3,72.0,-2.4,0.0,69.6,2020
Fair Trade Gifts,3,66.0,0.0,0.0,66.0,2019
Fair Trade Gifts,2,60.0,0.0,0.0,60.0,2020
Fair Trade Gifts,1,48.0,0.0,0.0,48.0,2021
Fair Trade Gifts,4,48.0,0.0,0.0,48.0,2017
Fair Trade Gifts,2,52.0,-5.2,0.0,46.8,2019
Fair Trade Gifts,1,48.0,-4.8,0.0,43.2,2017
Fair Trade Gifts,1,44.0,-4.4,0.0,39.6,2017
Fair Trade Gifts,2,36.0,0.0,0.0,36.0,2018
Fair Trade Gifts,1,36.0,0.0,0.0,36.0,2020
Fair Trade Gifts,1,30.0,0.0,0.0,30.0,2017
Fair Trade Gifts,1,28.0,0.0,0.0,28.0,2021
Fair Trade Gifts,1,25.0,0.0,0.0,25.0,2018
Fair Trade Gifts,2,24.0,0.0,0.0,24.0,2021
Fair Trade Gifts,2,24.0,0.0,0.0,24.0,2021
Fair Trade Gifts,1,24.0,0.0,0.0,24.0,2019
Fair Trade Gifts,1,22.0,0.0,0.0,22.0,2019
Fair Trade Gifts,1,25.0,-3.75,0.0,21.25,2017
Fair Trade Gifts,1,18.0,0.0,0.0,18.0,2021
Fair Trade Gifts,1,12.0,0.0,0.0,12.0,2019
Furniture,2,350.0,-70.0,0.0,280.0,2019
Furniture,1,275.0,-27.5,0.0,247.5,2020
Furniture,2,190.0,-9.49,0.0,180.51,2020
Furniture,3,174.0,-5.8,0.0,168.2,2021
Furniture,1,144.0,-14.4,0.0,129.6,2020
Furniture,2,130.0,-13.0,0.0,117.0,2019
Furniture,3,114.0,0.0,0.0,114.0,2020
Furniture,1,110.0,0.0,0.0,110.0,2017
Furniture,2,96.0,0.0,0.0,96.0,2018
Furniture,2,90.0,0.0,0.0,90.0,2017
Furniture,2,92.0,-4.8,0.0,87.2,2017
Furniture,2,76.0,0.0,0.0,76.0,2020
Furniture,1,64.0,-12.8,0.0,51.2,2019
Furniture,1,46.0,0.0,0.0,46.0,2017
Furniture,1,38.0,0.0,0.0,38.0,2018
Furniture,1,45.0,-11.25,0.0,33.75,2020
Gift Baskets,1,19.5,0.0,0.0,19.5,2019
Home Decor,19,1748.0,-46.85,0.0,1701.15,2019
Home Decor,17,1496.0,-44.0,0.0,1452.0,2017
Home Decor,18,1224.0,-40.8,0.0,1183.2,2021
Home Decor,5,1125.0,-22.5,0.0,1102.5,2021
Home Decor,12,1120.0,-72.0,0.0,1048.0,2017
Home Decor,11,968.0,-17.6,0.0,950.4,2017
Home Decor,7,879.0,0.0,0.0,879.0,2021
Home Decor,9,925.0,-73.5,0.0,851.5,2021
Home Decor,5,631.0,0.0,0.0,631.0,2018
Home Decor,7,574.0,-8.2,0.0,565.8,2017
Home Decor,6,590.0,-59.0,0.0,531.0,2018
Home Decor,8,544.0,-13.6,0.0,530.4,2021
Home Decor,3,374.0,0.0,0.0,374.0,2019
Home Decor,16,352.0,-4.4,0.0,347.6,2020
Home Decor,5,408.0,-20.4,-68.0,319.6,2018
Home Decor,2,288.0,0.0,0.0,288.0,2017
Home Decor,5,320.0,-38.4,0.0,281.6,2018
Home Decor,8,304.0,-22.8,0.0,281.2,2021
Home Decor,2,288.0,-14.39,0.0,273.61,2018
Home Decor,4,286.0,-13.6,0.0,272.4,2017
Home Decor,2,270.0,0.0,0.0,270.0,2018
Home Decor,4,272.0,-6.79,0.0,265.21,2021
Home Decor,4,272.0,-6.8,0.0,265.2,2019
Home Decor,3,264.0,0.0,0.0,264.0,2019
Home Decor,4,272.0,-20.4,0.0,251.6,2018
Home Decor,7,304.0,-15.2,-38.0,250.8,2020
Home Decor,4,248.0,0.0,0.0,248.0,2019
Home Decor,2,249.0,-12.5,0.0,236.5,2019
Home Decor,3,234.0,-19.5,0.0,214.5,2021
Home Decor,6,228.0,-15.19,0.0,212.81,2018
Home Decor,2,208.0,-9.8,0.0,198.2,2019
Home Decor,4,196.0,0.0,0.0,196.0,2021
Home Decor,5,204.0,-12.1,0.0,191.9,2020
Home Decor,2,190.0,0.0,0.0,190.0,2017
Home Decor,8,192.0,-4.8,0.0,187.2,2021
Home Decor,1,185.0,0.0,0.0,185.0,2021
Home Decor,5,190.0,-7.6,0.0,182.4,2017
Home Decor,5,228.0,-7.6,-38.0,182.4,2021
Home Decor,3,179.2,-5.12,0.0,174.08,2019
Home Decor,3,186.0,-12.4,0.0,173.6,2019
Home Decor,4,176.0,-4.4,0.0,171.6,2019
Home Decor,3,174.0,-5.8,0.0,168.2,2020
Home Decor,4,166.6,0.0,0.0,166.6,2021
Home Decor,2,160.0,0.0,0.0,160.0,2021
Home Decor,3,162.0,-5.4,0.0,156.6,2020
Home Decor,3,180.0,-24.0,0.0,156.0,2019
Home Decor,2,156.0,0.0,0.0,156.0,2021
Home Decor,1,155.0,0.0,0.0,155.0,2017
Home Decor,4,152.0,-3.8,0.0,148.2,2018
Home Decor,3,144.0,-4.8,0.0,139.2,2019
Home Decor,2,136.0,0.0,0.0,136.0,2018
Home Decor,2,136.0,-3.4,0.0,132.6,2019
Home Decor,2,130.0,0.0,0.0,130.0,2018
Home Decor,2,130.0,0.0,0.0,130.0,2021
Home Decor,2,136.0,-6.8,0.0,129.2,2018
Home Decor,2,136.0,-6.8,0.0,129.2,2018
Home Decor,2,128.0,0.0,0.0,128.0,2021
Home Decor,3,130.0,-3.5,0.0,126.5,2020
Home Decor,3,125.0,0.0,0.0,125.0,2017
Home Decor,2,124.0,0.0,0.0,124.0,2017
Home Decor,2,189.0,-6.5,-58.5,124.0,2019
Home Decor,1,124.0,0.0,0.0,124.0,2020
Home Decor,2,120.0,0.0,0.0,120.0,2018
Home Decor,2,130.0,-13.0,0.0,117.0,2017
Home Decor,3,114.0,-3.8,0.0,110.2,2020
Home Decor,2,116.0,-5.8,0.0,110.2,2019
Home Decor,5,112.5,-4.82,0.0,107.68,2019
Home Decor,2,100.0,0.0,0.0,100.0,2018
Home Decor,3,114.0,-15.2,0.0,98.8,2021
Home Decor,2,96.0,0.0,0.0,96.0,2021
Home Decor,1,92.0,0.0,0.0,92.0,2021
Home Decor,1,88.0,0.0,0.0,88.0,2020
Home Decor,1,88.0,0.0,0.0,88.0,2017
Home Decor,1,85.0,0.0,0.0,85.0,2021
Home Decor,1,85.0,0.0,0.0,85.0,2020
Home Decor,3,84.0,0.0,0.0,84.0,2021
Home Decor,2,84.0,0.0,0.0,84.0,2018
Home Decor,3,84.0,0.0,0.0,84.0,2017
Home Decor,1,82.0,0.0,0.0,82.0,2017
Home Decor,1,82.0,0.0,0.0,82.0,2021
Home Decor,2,90.0,-9.01,0.0,80.99,2019
Home Decor,1,88.0,-8.8,0.0,79.2,2021
Home Decor,2,114.0,-7.6,-34.2,72.2,2018
Home Decor,2,76.0,-3.8,0.0,72.2,2019
Home Decor,2,76.0,-3.8,0.0,72.2,2018
Home Decor,2,72.0,0.0,0.0,72.0,2017
Home Decor,2,76.0,-7.6,0.0,68.4,2019
Home Decor,1,68.0,0.0,0.0,68.0,2020
Home Decor,1,68.0,0.0,0.0,68.0,2021
Home Decor,1,68.0,0.0,0.0,68.0,2018
Home Decor,2,75.4,-7.54,0.0,67.86,2019
Home Decor,1,65.0,0.0,0.0,65.0,2017
Home Decor,2,76.0,-11.4,0.0,64.6,2017
Home Decor,1,64.0,0.0,0.0,64.0,2021
Home Decor,1,62.0,0.0,0.0,62.0,2017
Home Decor,1,68.0,-6.8,0.0,61.2,2021
Home Decor,1,68.0,-6.8,0.0,61.2,2019
Home Decor,2,76.0,-15.2,0.0,60.8,2021
Home Decor,2,76.0,-15.2,0.0,60.8,2021
Home Decor,1,60.0,0.0,0.0,60.0,2021
Home Decor,1,120.0,-6.0,-54.0,60.0,2019
Home Decor,1,74.0,-14.79,0.0,59.21,2021
Home Decor,1,74.0,-14.8,0.0,59.2,2020
Home Decor,1,74.0,-14.8,0.0,59.2,2020
Home Decor,1,58.5,0.0,0.0,58.5,2019
Home Decor,1,58.0,0.0,0.0,58.0,2021
Home Decor,2,56.0,-2.8,0.0,53.2,2018
Home Decor,2,78.75,0.0,-26.25,52.5,2017
Home Decor,2,56.0,-5.6,0.0,50.4,2018
Home Decor,1,50.0,0.0,0.0,50.0,2021
Home Decor,2,48.0,0.0,0.0,48.0,2018
Home Decor,1,45.0,0.0,0.0,45.0,2019
Home Decor,1,42.0,0.0,0.0,42.0,2020
Home Decor,1,41.6,0.0,0.0,41.6,2020
Home Decor,1,45.0,-4.51,0.0,40.49,2020
Home Decor,2,40.0,0.0,0.0,40.0,2017
Home Decor,2,40.0,-1.9,0.0,38.1,2017
Home Decor,1,114.0,-7.6,-68.4,38.0,2019
Home Decor,1,38.0,0.0,0.0,38.0,2017
Home Decor,1,38.0,0.0,0.0,38.0,2019
Home Decor,1,38.0,0.0,0.0,38.0,2019
Home Decor,2,42.0,-4.2,0.0,37.8,2019
Home Decor,1,42.0,-4.2,0.0,37.8,2021
Home Decor,1,38.0,-3.8,0.0,34.2,2017
Home Decor,1,38.0,-3.8,0.0,34.2,2021
Home Decor,1,34.0,0.0,0.0,34.0,2020
Home Decor,1,34.0,0.0,0.0,34.0,2017
Home Decor,1,76.0,-7.6,-38.0,30.4,2019
Home Decor,1,32.0,-3.2,0.0,28.8,2021
Home Decor,1,24.0,-2.4,0.0,21.6,2019
Home Decor,1,18.0,0.0,0.0,18.0,2020
